-- =========================================================
-- seed_restaurant.sql
-- MiniPOS — Thai Restaurant Test Data
-- Shop: TEST (b927f0c4-6a91-4631-9bd7-bd0ed02b11d3)
--
-- REQUIRES: Run 002_product_categories.sql FIRST.
-- That migration adds product_categories table and
-- category_id column on product_models.
--
-- Run:
--   docker exec -i minipos-postgres psql -U minipos_user -d minipos \
--     < seed_restaurant.sql
--
-- Safe to re-run — all IDs are hard-coded UUIDs with
-- ON CONFLICT DO NOTHING.
-- =========================================================

BEGIN;

-- =========================================================
-- STEP 1 — PRODUCT CATEGORIES (NEW — from migration 002)
-- =========================================================
INSERT INTO product_categories (id, shop_id, name, color, sort_order)
VALUES
  ('e1000000-0000-0000-0000-000000000001', 'b927f0c4-6a91-4631-9bd7-bd0ed02b11d3', 'Noodles',  '#B45309', 1),
  ('e1000000-0000-0000-0000-000000000002', 'b927f0c4-6a91-4631-9bd7-bd0ed02b11d3', 'Rice',     '#0369A1', 2),
  ('e1000000-0000-0000-0000-000000000003', 'b927f0c4-6a91-4631-9bd7-bd0ed02b11d3', 'Curries',  '#0D7A5F', 3),
  ('e1000000-0000-0000-0000-000000000004', 'b927f0c4-6a91-4631-9bd7-bd0ed02b11d3', 'Starters', '#6D28D9', 4),
  ('e1000000-0000-0000-0000-000000000005', 'b927f0c4-6a91-4631-9bd7-bd0ed02b11d3', 'Drinks',   '#BE185D', 5)
ON CONFLICT (id) DO NOTHING;


-- =========================================================
-- STEP 2 — MODIFIER GROUPS
-- =========================================================

INSERT INTO modifier_groups (id, shop_id, name, is_required, min_select, max_select, sort_order)
VALUES
  ('a1000000-0000-0000-0000-000000000001', 'b927f0c4-6a91-4631-9bd7-bd0ed02b11d3', 'Spice Level',        TRUE,  1, 1, 1),
  ('a1000000-0000-0000-0000-000000000002', 'b927f0c4-6a91-4631-9bd7-bd0ed02b11d3', 'Protein',            TRUE,  1, 1, 2),
  ('a1000000-0000-0000-0000-000000000003', 'b927f0c4-6a91-4631-9bd7-bd0ed02b11d3', 'Noodle Type',        TRUE,  1, 1, 3),
  ('a1000000-0000-0000-0000-000000000004', 'b927f0c4-6a91-4631-9bd7-bd0ed02b11d3', 'Add-ons',            FALSE, 0, 3, 4),
  ('a1000000-0000-0000-0000-000000000005', 'b927f0c4-6a91-4631-9bd7-bd0ed02b11d3', 'Cooking Preference', FALSE, 0, 1, 5),
  ('a1000000-0000-0000-0000-000000000006', 'b927f0c4-6a91-4631-9bd7-bd0ed02b11d3', 'Sweetness Level',    TRUE,  1, 1, 6)
ON CONFLICT (id) DO NOTHING;


-- =========================================================
-- STEP 3 — MODIFIER OPTIONS
-- =========================================================

INSERT INTO modifier_options (id, group_id, name, price_delta, sort_order)
VALUES
  ('b1000000-0000-0000-0000-000000000001', 'a1000000-0000-0000-0000-000000000001', 'Not Spicy',    0, 1),
  ('b1000000-0000-0000-0000-000000000002', 'a1000000-0000-0000-0000-000000000001', 'Mild',         0, 2),
  ('b1000000-0000-0000-0000-000000000003', 'a1000000-0000-0000-0000-000000000001', 'Medium',       0, 3),
  ('b1000000-0000-0000-0000-000000000004', 'a1000000-0000-0000-0000-000000000001', 'Spicy',        0, 4),
  ('b1000000-0000-0000-0000-000000000005', 'a1000000-0000-0000-0000-000000000001', 'Extra Spicy',  0, 5),
  ('b1000000-0000-0000-0000-000000000011', 'a1000000-0000-0000-0000-000000000002', 'Chicken',      0, 1),
  ('b1000000-0000-0000-0000-000000000012', 'a1000000-0000-0000-0000-000000000002', 'Pork',         0, 2),
  ('b1000000-0000-0000-0000-000000000013', 'a1000000-0000-0000-0000-000000000002', 'Shrimp',      15, 3),
  ('b1000000-0000-0000-0000-000000000014', 'a1000000-0000-0000-0000-000000000002', 'Tofu',       -10, 4),
  ('b1000000-0000-0000-0000-000000000015', 'a1000000-0000-0000-0000-000000000002', 'Mixed',       10, 5),
  ('b1000000-0000-0000-0000-000000000021', 'a1000000-0000-0000-0000-000000000003', 'Sen Lek (Thin Rice)',   0, 1),
  ('b1000000-0000-0000-0000-000000000022', 'a1000000-0000-0000-0000-000000000003', 'Sen Yai (Wide Rice)',   0, 2),
  ('b1000000-0000-0000-0000-000000000023', 'a1000000-0000-0000-0000-000000000003', 'Sen Mee (Vermicelli)', 0, 3),
  ('b1000000-0000-0000-0000-000000000024', 'a1000000-0000-0000-0000-000000000003', 'Ba Mee (Egg Noodle)',  0, 4),
  ('b1000000-0000-0000-0000-000000000025', 'a1000000-0000-0000-0000-000000000003', 'Mama (Instant)',       0, 5),
  ('b1000000-0000-0000-0000-000000000031', 'a1000000-0000-0000-0000-000000000004', 'Extra Egg',      15, 1),
  ('b1000000-0000-0000-0000-000000000032', 'a1000000-0000-0000-0000-000000000004', 'Extra Protein',  30, 2),
  ('b1000000-0000-0000-0000-000000000033', 'a1000000-0000-0000-0000-000000000004', 'Extra Rice',     15, 3),
  ('b1000000-0000-0000-0000-000000000034', 'a1000000-0000-0000-0000-000000000004', 'No Vegetables',   0, 4),
  ('b1000000-0000-0000-0000-000000000035', 'a1000000-0000-0000-0000-000000000004', 'No MSG',           0, 5),
  ('b1000000-0000-0000-0000-000000000036', 'a1000000-0000-0000-0000-000000000004', 'Extra Sauce',      5, 6),
  ('b1000000-0000-0000-0000-000000000041', 'a1000000-0000-0000-0000-000000000005', 'Well Done',     0, 1),
  ('b1000000-0000-0000-0000-000000000042', 'a1000000-0000-0000-0000-000000000005', 'Medium',        0, 2),
  ('b1000000-0000-0000-0000-000000000043', 'a1000000-0000-0000-0000-000000000005', 'Less Oil',      0, 3),
  ('b1000000-0000-0000-0000-000000000044', 'a1000000-0000-0000-0000-000000000005', 'Dry (No Soup)', 0, 4),
  ('b1000000-0000-0000-0000-000000000051', 'a1000000-0000-0000-0000-000000000006', '0% (No Sugar)', 0, 1),
  ('b1000000-0000-0000-0000-000000000052', 'a1000000-0000-0000-0000-000000000006', '25%',           0, 2),
  ('b1000000-0000-0000-0000-000000000053', 'a1000000-0000-0000-0000-000000000006', '50%',           0, 3),
  ('b1000000-0000-0000-0000-000000000054', 'a1000000-0000-0000-0000-000000000006', '75%',           0, 4),
  ('b1000000-0000-0000-0000-000000000055', 'a1000000-0000-0000-0000-000000000006', '100% (Normal)', 0, 5)
ON CONFLICT (id) DO NOTHING;


-- =========================================================
-- STEP 4 — PRODUCT MODELS (updated: now includes category_id)
-- =========================================================

INSERT INTO product_models (id, shop_id, name, description, category_id, is_active)
VALUES
  ('c1000000-0000-0000-0000-000000000001', 'b927f0c4-6a91-4631-9bd7-bd0ed02b11d3',
   'Pad Thai',             'Stir-fried rice noodles with egg, bean sprouts, and peanuts',
   'e1000000-0000-0000-0000-000000000001', TRUE),
  ('c1000000-0000-0000-0000-000000000002', 'b927f0c4-6a91-4631-9bd7-bd0ed02b11d3',
   'Pad See Ew',           'Wide rice noodles stir-fried in sweet soy sauce',
   'e1000000-0000-0000-0000-000000000001', TRUE),
  ('c1000000-0000-0000-0000-000000000003', 'b927f0c4-6a91-4631-9bd7-bd0ed02b11d3',
   'Boat Noodles',         'Rich dark broth with noodles, pork blood, and herbs',
   'e1000000-0000-0000-0000-000000000001', TRUE),
  ('c1000000-0000-0000-0000-000000000004', 'b927f0c4-6a91-4631-9bd7-bd0ed02b11d3',
   'Tom Yum Noodles',      'Spicy and sour soup noodles with lemongrass and lime',
   'e1000000-0000-0000-0000-000000000001', TRUE),
  ('c1000000-0000-0000-0000-000000000005', 'b927f0c4-6a91-4631-9bd7-bd0ed02b11d3',
   'Basil Fried Rice',     'Jasmine rice stir-fried with fresh Thai basil and chilli',
   'e1000000-0000-0000-0000-000000000002', TRUE),
  ('c1000000-0000-0000-0000-000000000006', 'b927f0c4-6a91-4631-9bd7-bd0ed02b11d3',
   'Khao Pad',             'Classic Thai fried rice with egg and spring onion',
   'e1000000-0000-0000-0000-000000000002', TRUE),
  ('c1000000-0000-0000-0000-000000000007', 'b927f0c4-6a91-4631-9bd7-bd0ed02b11d3',
   'Pineapple Fried Rice', 'Fragrant fried rice served in a pineapple half',
   'e1000000-0000-0000-0000-000000000002', TRUE),
  ('c1000000-0000-0000-0000-000000000008', 'b927f0c4-6a91-4631-9bd7-bd0ed02b11d3',
   'Green Curry',          'Creamy coconut green curry with Thai eggplant and basil',
   'e1000000-0000-0000-0000-000000000003', TRUE),
  ('c1000000-0000-0000-0000-000000000009', 'b927f0c4-6a91-4631-9bd7-bd0ed02b11d3',
   'Massaman Curry',       'Rich, mild curry with potato, peanuts, and coconut milk',
   'e1000000-0000-0000-0000-000000000003', TRUE),
  ('c1000000-0000-0000-0000-000000000010', 'b927f0c4-6a91-4631-9bd7-bd0ed02b11d3',
   'Pad Kra Pao',          'Holy basil stir-fry — the most-ordered dish in Thailand',
   'e1000000-0000-0000-0000-000000000003', TRUE),
  ('c1000000-0000-0000-0000-000000000011', 'b927f0c4-6a91-4631-9bd7-bd0ed02b11d3',
   'Spring Rolls',         'Crispy fried rolls with glass noodles and vegetables',
   'e1000000-0000-0000-0000-000000000004', TRUE),
  ('c1000000-0000-0000-0000-000000000012', 'b927f0c4-6a91-4631-9bd7-bd0ed02b11d3',
   'Som Tum',              'Green papaya salad with tomato, peanuts, and lime dressing',
   'e1000000-0000-0000-0000-000000000004', TRUE),
  ('c1000000-0000-0000-0000-000000000013', 'b927f0c4-6a91-4631-9bd7-bd0ed02b11d3',
   'Thai Milk Tea',        'Creamy orange Thai tea with sweetened condensed milk',
   'e1000000-0000-0000-0000-000000000005', TRUE),
  ('c1000000-0000-0000-0000-000000000014', 'b927f0c4-6a91-4631-9bd7-bd0ed02b11d3',
   'Fresh Fruit Smoothie', 'Blended seasonal Thai fruits — mango, lychee, or watermelon',
   'e1000000-0000-0000-0000-000000000005', TRUE)
ON CONFLICT (id) DO NOTHING;


-- =========================================================
-- STEP 5 — PRODUCT ITEMS
-- =========================================================

INSERT INTO product_items (id, product_model_id, name, price, track_stock, is_active)
VALUES
  ('d1000000-0000-0000-0000-000000000001', 'c1000000-0000-0000-0000-000000000001', 'Regular',   80, FALSE, TRUE),
  ('d1000000-0000-0000-0000-000000000002', 'c1000000-0000-0000-0000-000000000001', 'Large',    110, FALSE, TRUE),
  ('d1000000-0000-0000-0000-000000000003', 'c1000000-0000-0000-0000-000000000002', 'Regular',   75, FALSE, TRUE),
  ('d1000000-0000-0000-0000-000000000004', 'c1000000-0000-0000-0000-000000000002', 'Large',    100, FALSE, TRUE),
  ('d1000000-0000-0000-0000-000000000005', 'c1000000-0000-0000-0000-000000000003', '1 Bowl',    35, FALSE, TRUE),
  ('d1000000-0000-0000-0000-000000000006', 'c1000000-0000-0000-0000-000000000003', '3 Bowls',   95, FALSE, TRUE),
  ('d1000000-0000-0000-0000-000000000007', 'c1000000-0000-0000-0000-000000000003', '5 Bowls',  150, FALSE, TRUE),
  ('d1000000-0000-0000-0000-000000000008', 'c1000000-0000-0000-0000-000000000004', 'Regular',   85, FALSE, TRUE),
  ('d1000000-0000-0000-0000-000000000009', 'c1000000-0000-0000-0000-000000000004', 'Large',    110, FALSE, TRUE),
  ('d1000000-0000-0000-0000-000000000010', 'c1000000-0000-0000-0000-000000000005', 'Regular',   70, FALSE, TRUE),
  ('d1000000-0000-0000-0000-000000000011', 'c1000000-0000-0000-0000-000000000005', 'Large',     95, FALSE, TRUE),
  ('d1000000-0000-0000-0000-000000000012', 'c1000000-0000-0000-0000-000000000006', 'Regular',   65, FALSE, TRUE),
  ('d1000000-0000-0000-0000-000000000013', 'c1000000-0000-0000-0000-000000000006', 'Large',     85, FALSE, TRUE),
  ('d1000000-0000-0000-0000-000000000014', 'c1000000-0000-0000-0000-000000000007', 'Regular',  120, FALSE, TRUE),
  ('d1000000-0000-0000-0000-000000000015', 'c1000000-0000-0000-0000-000000000007', 'Large',    150, FALSE, TRUE),
  ('d1000000-0000-0000-0000-000000000016', 'c1000000-0000-0000-0000-000000000008', 'Single',   100, FALSE, TRUE),
  ('d1000000-0000-0000-0000-000000000017', 'c1000000-0000-0000-0000-000000000008', 'Sharing',  180, FALSE, TRUE),
  ('d1000000-0000-0000-0000-000000000018', 'c1000000-0000-0000-0000-000000000009', 'Single',   110, FALSE, TRUE),
  ('d1000000-0000-0000-0000-000000000019', 'c1000000-0000-0000-0000-000000000009', 'Sharing',  190, FALSE, TRUE),
  ('d1000000-0000-0000-0000-000000000020', 'c1000000-0000-0000-0000-000000000010', 'Regular',   75, FALSE, TRUE),
  ('d1000000-0000-0000-0000-000000000021', 'c1000000-0000-0000-0000-000000000010', 'Large',    100, FALSE, TRUE),
  ('d1000000-0000-0000-0000-000000000022', 'c1000000-0000-0000-0000-000000000011', '3 pcs',     60, FALSE, TRUE),
  ('d1000000-0000-0000-0000-000000000023', 'c1000000-0000-0000-0000-000000000011', '6 pcs',    110, FALSE, TRUE),
  ('d1000000-0000-0000-0000-000000000024', 'c1000000-0000-0000-0000-000000000012', 'Regular',   70, FALSE, TRUE),
  ('d1000000-0000-0000-0000-000000000025', 'c1000000-0000-0000-0000-000000000012', 'Large',     95, FALSE, TRUE),
  ('d1000000-0000-0000-0000-000000000026', 'c1000000-0000-0000-0000-000000000013', 'Small',     45, FALSE, TRUE),
  ('d1000000-0000-0000-0000-000000000027', 'c1000000-0000-0000-0000-000000000013', 'Large',     60, FALSE, TRUE),
  ('d1000000-0000-0000-0000-000000000028', 'c1000000-0000-0000-0000-000000000013', 'Bottle',    85, FALSE, TRUE),
  ('d1000000-0000-0000-0000-000000000029', 'c1000000-0000-0000-0000-000000000014', 'Small',     55, FALSE, TRUE),
  ('d1000000-0000-0000-0000-000000000030', 'c1000000-0000-0000-0000-000000000014', 'Large',     75, FALSE, TRUE)
ON CONFLICT (id) DO NOTHING;


-- =========================================================
-- STEP 6 — LINK MODIFIER GROUPS TO PRODUCTS
-- =========================================================

INSERT INTO product_model_modifier_groups (product_model_id, modifier_group_id)
VALUES
  ('c1000000-0000-0000-0000-000000000001', 'a1000000-0000-0000-0000-000000000001'),
  ('c1000000-0000-0000-0000-000000000001', 'a1000000-0000-0000-0000-000000000002'),
  ('c1000000-0000-0000-0000-000000000001', 'a1000000-0000-0000-0000-000000000003'),
  ('c1000000-0000-0000-0000-000000000001', 'a1000000-0000-0000-0000-000000000004'),
  ('c1000000-0000-0000-0000-000000000001', 'a1000000-0000-0000-0000-000000000005'),
  ('c1000000-0000-0000-0000-000000000002', 'a1000000-0000-0000-0000-000000000001'),
  ('c1000000-0000-0000-0000-000000000002', 'a1000000-0000-0000-0000-000000000002'),
  ('c1000000-0000-0000-0000-000000000002', 'a1000000-0000-0000-0000-000000000003'),
  ('c1000000-0000-0000-0000-000000000002', 'a1000000-0000-0000-0000-000000000004'),
  ('c1000000-0000-0000-0000-000000000002', 'a1000000-0000-0000-0000-000000000005'),
  ('c1000000-0000-0000-0000-000000000003', 'a1000000-0000-0000-0000-000000000001'),
  ('c1000000-0000-0000-0000-000000000003', 'a1000000-0000-0000-0000-000000000002'),
  ('c1000000-0000-0000-0000-000000000003', 'a1000000-0000-0000-0000-000000000003'),
  ('c1000000-0000-0000-0000-000000000003', 'a1000000-0000-0000-0000-000000000004'),
  ('c1000000-0000-0000-0000-000000000004', 'a1000000-0000-0000-0000-000000000001'),
  ('c1000000-0000-0000-0000-000000000004', 'a1000000-0000-0000-0000-000000000002'),
  ('c1000000-0000-0000-0000-000000000004', 'a1000000-0000-0000-0000-000000000003'),
  ('c1000000-0000-0000-0000-000000000004', 'a1000000-0000-0000-0000-000000000004'),
  ('c1000000-0000-0000-0000-000000000005', 'a1000000-0000-0000-0000-000000000001'),
  ('c1000000-0000-0000-0000-000000000005', 'a1000000-0000-0000-0000-000000000002'),
  ('c1000000-0000-0000-0000-000000000005', 'a1000000-0000-0000-0000-000000000004'),
  ('c1000000-0000-0000-0000-000000000006', 'a1000000-0000-0000-0000-000000000001'),
  ('c1000000-0000-0000-0000-000000000006', 'a1000000-0000-0000-0000-000000000002'),
  ('c1000000-0000-0000-0000-000000000006', 'a1000000-0000-0000-0000-000000000004'),
  ('c1000000-0000-0000-0000-000000000007', 'a1000000-0000-0000-0000-000000000002'),
  ('c1000000-0000-0000-0000-000000000007', 'a1000000-0000-0000-0000-000000000004'),
  ('c1000000-0000-0000-0000-000000000008', 'a1000000-0000-0000-0000-000000000001'),
  ('c1000000-0000-0000-0000-000000000008', 'a1000000-0000-0000-0000-000000000002'),
  ('c1000000-0000-0000-0000-000000000008', 'a1000000-0000-0000-0000-000000000004'),
  ('c1000000-0000-0000-0000-000000000009', 'a1000000-0000-0000-0000-000000000002'),
  ('c1000000-0000-0000-0000-000000000009', 'a1000000-0000-0000-0000-000000000005'),
  ('c1000000-0000-0000-0000-000000000010', 'a1000000-0000-0000-0000-000000000001'),
  ('c1000000-0000-0000-0000-000000000010', 'a1000000-0000-0000-0000-000000000002'),
  ('c1000000-0000-0000-0000-000000000010', 'a1000000-0000-0000-0000-000000000004'),
  ('c1000000-0000-0000-0000-000000000011', 'a1000000-0000-0000-0000-000000000004'),
  ('c1000000-0000-0000-0000-000000000012', 'a1000000-0000-0000-0000-000000000001'),
  ('c1000000-0000-0000-0000-000000000012', 'a1000000-0000-0000-0000-000000000004'),
  ('c1000000-0000-0000-0000-000000000013', 'a1000000-0000-0000-0000-000000000006'),
  ('c1000000-0000-0000-0000-000000000014', 'a1000000-0000-0000-0000-000000000006')
ON CONFLICT DO NOTHING;


-- =========================================================
-- VERIFICATION
-- =========================================================

SELECT
  pc.name                                   AS category,
  pm.name                                   AS product,
  COUNT(DISTINCT pi.id)                     AS variants,
  COUNT(DISTINCT pmmg.modifier_group_id)    AS modifiers,
  STRING_AGG(DISTINCT pi.name, ', '
    ORDER BY pi.name)                       AS sizes
FROM product_models pm
JOIN product_items pi
  ON pi.product_model_id = pm.id
LEFT JOIN product_model_modifier_groups pmmg
  ON pmmg.product_model_id = pm.id
LEFT JOIN product_categories pc
  ON pc.id = pm.category_id
WHERE pm.id::text LIKE 'c1000000%'
GROUP BY pc.name, pm.name
ORDER BY pc.name, pm.name;

COMMIT;